date,portfolio_value,cash,positions_value
2024-01-01,100000.0,0.0,100000.0
2024-01-02,97332.54297586442,0.0,97332.54297586442
2024-01-03,97884.15980626245,0.0,97884.15980626245
2024-01-04,98584.24543239734,0.0,98584.24543239734
2024-01-07,101443.57043619765,0.0,101443.57043619765
2024-01-08,101598.79927406178,0.0,101598.79927406178
2024-01-09,102114.84104120819,0.0,102114.84104120819
2024-01-10,101832.12593877205,0.0,101832.12593877205
2024-01-11,101021.58449565088,0.0,101021.58449565088
2024-01-15,101009.33151492079,0.0,101009.33151492079
2024-01-16,100080.20640870446,0.0,100080.20640870446
2024-01-17,100715.09498393006,0.0,100715.09498393006
2024-01-18,103284.66083391858,0.0,103284.66083391858
2024-01-21,104261.2786422801,0.0,104261.2786422801
2024-01-22,104292.85657481146,0.0,104292.85657481146
2024-01-23,103893.3562776677,0.0,103893.3562776677
2024-01-24,104252.42379814532,0.0,104252.42379814532
2024-01-25,103832.33036803873,0.0,103832.33036803873
2024-01-28,106540.33638586383,0.0,106540.33638586383
2024-01-29,105325.13951621318,0.0,105325.13951621318
2024-01-30,103317.38463505084,0.0,103317.38463505084
2024-01-31,105070.59201717061,0.0,105070.59201717061
2024-02-01,107021.90883257582,326.2194604749493,106695.68937210087
2024-02-04,106056.96158802412,326.2194604749493,105730.74212754917
2024-02-05,107563.8248183589,326.2194604749493,107237.60535788395
2024-02-06,108812.06212114896,326.2194604749493,108485.84266067401
2024-02-07,110691.39304726971,326.2194604749493,110365.17358679476
2024-02-08,112215.64996035153,326.2194604749493,111889.43049987657
2024-02-11,112924.67936119055,326.2194604749493,112598.45990071559
2024-02-12,109691.98476821183,326.2194604749493,109365.76530773687
2024-02-13,113400.337482941,326.2194604749493,113074.11802246605
2024-02-14,115061.30639591308,326.2194604749493,114735.08693543813
2024-02-15,113216.65083600623,326.2194604749493,112890.43137553128
2024-02-19,111013.43096252788,326.2194604749493,110687.21150205293
2024-02-20,109436.67913683722,326.2194604749493,109110.45967636227
2024-02-21,112649.15996973573,326.2194604749493,112322.94050926078
2024-02-22,111551.02361332634,326.2194604749493,111224.80415285139
2024-02-25,113130.03971829258,326.2194604749493,112803.82025781763
2024-02-26,114668.84956650175,326.2194604749493,114342.6301060268
2024-02-27,114343.37424866318,326.2194604749493,114017.15478818823
2024-02-28,117294.26680840988,326.2194604749493,116968.04734793493
2024-02-29,119211.78950261451,326.2194604749493,118885.57004213956
2024-03-03,120981.26913393583,2161.082344359216,118820.1867895766
2024-03-04,117973.47678008623,2161.082344359216,115812.39443572701
2024-03-05,119572.04127797042,2161.082344359216,117410.9589336112
2024-03-06,121187.08053461896,2161.082344359216,119025.99819025974
2024-03-07,120192.53332227538,2161.082344359216,118031.45097791616
2024-03-10,119090.07589134501,2161.082344359216,116928.99354698579
2024-03-11,119845.5686775418,2161.082344359216,117684.48633318258
2024-03-12,119416.89814068304,2161.082344359216,117255.81579632382
2024-03-13,117343.84327391375,2161.082344359216,115182.76092955453
2024-03-14,116696.58020848886,2161.082344359216,114535.49786412963
2024-03-17,117868.52573901531,2161.082344359216,115707.44339465609
2024-03-18,117327.46271257091,2161.082344359216,115166.38036821168
2024-03-19,120442.53145924397,2161.082344359216,118281.44911488474
2024-03-20,121843.03350124983,2161.082344359216,119681.9511568906
2024-03-21,121035.22287465542,2161.082344359216,118874.1405302962
2024-03-24,121771.19425340282,2161.082344359216,119610.1119090436
2024-03-25,121791.60043758762,2161.082344359216,119630.5180932284
2024-03-26,121839.05629465042,2161.082344359216,119677.9739502912
2024-03-27,121966.19487034885,2161.082344359216,119805.11252598962
2024-03-31,121981.42398225982,2161.082344359216,119820.3416379006
2024-04-01,120574.4319129256,321.7572049431901,120252.67470798241
2024-04-02,121148.75795870145,321.7572049431901,120827.00075375826
2024-04-03,118993.00811870664,321.7572049431901,118671.25091376345
2024-04-04,120232.48853066235,321.7572049431901,119910.73132571916
2024-04-07,120571.10001996251,321.7572049431901,120249.34281501932
2024-04-08,120375.60437570875,321.7572049431901,120053.84717076556
2024-04-09,118945.76020293725,321.7572049431901,118624.00299799406
2024-04-10,120236.08894444555,321.7572049431901,119914.33173950236
2024-04-11,117222.24620389065,321.7572049431901,116900.48899894746
2024-04-14,114242.08412500386,321.7572049431901,113920.32692006067
2024-04-15,114689.80364243065,321.7572049431901,114368.04643748746
2024-04-16,113896.03343756007,321.7572049431901,113574.27623261687
2024-04-17,113606.1824144413,321.7572049431901,113284.4252094981
2024-04-18,110789.26084740416,321.7572049431901,110467.50364246097
2024-04-21,111940.01899020124,321.7572049431901,111618.26178525804
2024-04-22,114617.96152005129,321.7572049431901,114296.2043151081
2024-04-23,114643.89781453637,321.7572049431901,114322.14060959317
2024-04-24,115486.9205863423,321.7572049431901,115165.1633813991
2024-04-25,118409.78067473335,321.7572049431901,118088.02346979016
2024-04-28,119517.11067171568,321.7572049431901,119195.35346677249
2024-04-29,116533.65551332833,321.7572049431901,116211.89830838513
2024-04-30,115674.158911141,321.7572049431901,115352.40170619781
2024-05-01,119225.67428013282,2.7284841053187847e-12,119225.67428013282
2024-05-02,120747.06511968552,2.7284841053187847e-12,120747.06511968552
2024-05-05,123052.69742174269,2.7284841053187847e-12,123052.69742174269
2024-05-06,122640.57544088068,2.7284841053187847e-12,122640.57544088068
2024-05-07,121505.41051258874,2.7284841053187847e-12,121505.41051258874
2024-05-08,123669.49595782103,2.7284841053187847e-12,123669.49595782103
2024-05-09,121877.08488602283,2.7284841053187847e-12,121877.08488602283
2024-05-12,123912.06888374663,2.7284841053187847e-12,123912.06888374663
2024-05-13,127249.71493658765,2.7284841053187847e-12,127249.71493658765
2024-05-14,128467.10573699846,2.7284841053187847e-12,128467.10573699846
2024-05-15,126824.03767242128,2.7284841053187847e-12,126824.03767242128
2024-05-16,126971.08804561372,2.7284841053187847e-12,126971.08804561372
2024-05-19,130295.47566655774,2.7284841053187847e-12,130295.47566655774
2024-05-20,128865.85717605117,2.7284841053187847e-12,128865.85717605117
2024-05-21,127886.44141770304,2.7284841053187847e-12,127886.44141770304
2024-05-22,123731.15007282047,2.7284841053187847e-12,123731.15007282047
2024-05-23,127078.7090842001,2.7284841053187847e-12,127078.7090842001
2024-05-27,127500.72754740152,2.7284841053187847e-12,127500.72754740152
2024-05-28,126109.93945938686,2.7284841053187847e-12,126109.93945938686
2024-05-29,126811.40616480092,2.7284841053187847e-12,126811.40616480092
2024-05-30,127468.27299271402,2.7284841053187847e-12,127468.27299271402
2024-06-02,127014.39516016336,5.184119800105691e-11,127014.3951601633
2024-06-03,125573.61656212651,5.184119800105691e-11,125573.61656212645
2024-06-04,128619.72089288585,5.184119800105691e-11,128619.72089288579
2024-06-05,128398.48345551545,5.184119800105691e-11,128398.4834555154
2024-06-06,127523.89571340279,5.184119800105691e-11,127523.89571340273
2024-06-09,128717.20251569625,5.184119800105691e-11,128717.20251569619
2024-06-10,128726.6360360063,5.184119800105691e-11,128726.63603600624
2024-06-11,130087.99102377908,5.184119800105691e-11,130087.99102377902
2024-06-12,129817.7042340751,5.184119800105691e-11,129817.70423407505
2024-06-13,129034.90308249307,5.184119800105691e-11,129034.90308249301
2024-06-16,130453.20676840347,5.184119800105691e-11,130453.20676840341
2024-06-17,131389.1446153563,5.184119800105691e-11,131389.14461535623
2024-06-19,130482.83441131622,5.184119800105691e-11,130482.83441131616
2024-06-20,130332.83266879871,5.184119800105691e-11,130332.83266879866
2024-06-23,129836.35413706601,5.184119800105691e-11,129836.35413706595
2024-06-24,131668.34413121647,5.184119800105691e-11,131668.3441312164
2024-06-25,131672.72554170428,5.184119800105691e-11,131672.72554170422
2024-06-26,132526.44245772075,5.184119800105691e-11,132526.4424577207
2024-06-27,131531.91653392234,5.184119800105691e-11,131531.91653392228
2024-06-30,131812.24688665633,5.184119800105691e-11,131812.24688665627
2024-07-01,132725.2469825036,1.3183441146175028,132723.92863838898
2024-07-02,134429.69322756698,1.3183441146175028,134428.37488345237
2024-07-04,134844.3998846443,1.3183441146175028,134843.0815405297
2024-07-07,135042.77525585744,1.3183441146175028,135041.45691174283
2024-07-08,134518.28865645977,1.3183441146175028,134516.97031234516
2024-07-09,135610.1298980005,1.3183441146175028,135608.8115538859
2024-07-10,136396.6049496144,1.3183441146175028,136395.2866054998
2024-07-11,137834.16122861934,1.3183441146175028,137832.84288450473
2024-07-14,138024.0013944928,1.3183441146175028,138022.6830503782
2024-07-15,140083.9516641281,1.3183441146175028,140082.6333200135
2024-07-16,134844.03619589316,1.3183441146175028,134842.71785177855
2024-07-17,133127.5178489377,1.3183441146175028,133126.1995048231
2024-07-18,133262.86759057213,1.3183441146175028,133261.54924645752
2024-07-21,134882.76963749406,1.3183441146175028,134881.45129337945
2024-07-22,134807.36456704506,1.3183441146175028,134806.04622293045
2024-07-23,129145.35091287023,1.3183441146175028,129144.03256875562
2024-07-24,128015.54518882508,1.3183441146175028,128014.22684471047
2024-07-25,130624.79245857618,1.3183441146175028,130623.47411446157
2024-07-28,129845.00628458773,1.3183441146175028,129843.68794047312
2024-07-29,128490.41261046764,1.3183441146175028,128489.09426635303
2024-07-30,132423.57958233674,1.3183441146175028,132422.26123822213
2024-07-31,128224.59623513743,1.3183441146175028,128223.27789102282
2024-08-01,121780.61023634963,9.458744898438454e-11,121780.61023634954
2024-08-04,117526.89078506437,9.458744898438454e-11,117526.89078506429
2024-08-05,119716.88647780102,9.458744898438454e-11,119716.88647780093
2024-08-06,116218.66642694885,9.458744898438454e-11,116218.66642694877
2024-08-07,122023.82716474461,9.458744898438454e-11,122023.82716474452
2024-08-08,123153.43573356478,9.458744898438454e-11,123153.4357335647
2024-08-11,121427.556987336,9.458744898438454e-11,121427.5569873359
2024-08-12,124531.16882268555,9.458744898438454e-11,124531.16882268546
2024-08-13,123626.49103523017,9.458744898438454e-11,123626.49103523008
2024-08-14,129626.43866202064,9.458744898438454e-11,129626.43866202055
2024-08-15,130511.32343666762,9.458744898438454e-11,130511.32343666753
2024-08-18,134918.25117247953,9.458744898438454e-11,134918.25117247945
2024-08-19,132843.23805690007,9.458744898438454e-11,132843.23805689998
2024-08-20,136357.6438167314,9.458744898438454e-11,136357.64381673132
2024-08-21,133823.0272561313,9.458744898438454e-11,133823.0272561312
2024-08-22,138139.19852601225,9.458744898438454e-11,138139.19852601216
2024-08-25,137454.10541642006,9.458744898438454e-11,137454.10541641997
2024-08-26,135142.44514710852,9.458744898438454e-11,135142.44514710843
2024-08-27,131403.0909684008,9.458744898438454e-11,131403.0909684007
2024-08-28,133839.72562431157,9.458744898438454e-11,133839.72562431148
2024-08-29,134522.27862252525,9.458744898438454e-11,134522.27862252516
2024-09-02,128167.50506155257,2563.350101230862,125604.15496032171
2024-09-03,127683.08097682,2563.350101230862,125119.73087558914
2024-09-04,127391.73098158432,2563.350101230862,124828.38088035346
2024-09-05,124023.64069795399,2563.350101230862,121460.29059672313
2024-09-08,126526.23950028158,2563.350101230862,123962.88939905072
2024-09-09,127190.51012201422,2563.350101230862,124627.16002078337
2024-09-10,130587.01295164628,2563.350101230862,128023.66285041542
2024-09-11,132100.0723025096,2563.350101230862,129536.72220127874
2024-09-12,134473.41147823614,2563.350101230862,131910.06137700527
2024-09-15,134773.74474277775,2563.350101230862,132210.39464154688
2024-09-16,135577.01205354134,2563.350101230862,133013.66195231047
2024-09-17,135219.3981629585,2563.350101230862,132656.04806172763
2024-09-18,138242.40964053816,2563.350101230862,135679.0595393073
2024-09-19,139524.46703544637,2563.350101230862,136961.1169342155
2024-09-22,140458.5071004459,2563.350101230862,137895.15699921502
2024-09-23,141148.02002830908,2563.350101230862,138584.6699270782
2024-09-24,141075.79332281958,2563.350101230862,138512.4432215887
2024-09-25,142230.68243809417,2563.350101230862,139667.3323368633
2024-09-26,142517.06505029704,2563.350101230862,139953.71494906617
2024-09-29,141703.7322147713,2563.350101230862,139140.38211354043
2024-09-30,139304.87569072057,2563.350101230862,136741.5255894897
2024-10-01,139849.5645950998,2771.8316227210803,137077.73297237873
2024-10-02,139448.87236266423,2771.8316227210803,136677.04073994316
2024-10-03,142007.4181757836,2771.8316227210803,139235.58655306252
2024-10-06,141653.37602116755,2771.8316227210803,138881.54439844648
2024-10-07,143646.72441723308,2771.8316227210803,140874.892794512
2024-10-08,144329.65835231886,2771.8316227210803,141557.8267295978
2024-10-09,144297.7956909185,2771.8316227210803,141525.9640681974
2024-10-10,146776.39131883442,2771.8316227210803,144004.55969611334
2024-10-13,148055.11565043803,2771.8316227210803,145283.28402771696
2024-10-14,145720.19495576355,2771.8316227210803,142948.36333304248
2024-10-15,147148.42342036797,2771.8316227210803,144376.5917976469
2024-10-16,146268.7841887433,2771.8316227210803,143496.95256602223
2024-10-17,147494.4876209386,2771.8316227210803,144722.65599821752
2024-10-20,146992.8516259915,2771.8316227210803,144221.02000327042
2024-10-21,146693.62796314346,2771.8316227210803,143921.79634042238
2024-10-22,145022.47961769006,2771.8316227210803,142250.64799496898
2024-10-23,147317.87846488456,2771.8316227210803,144546.0468421635
2024-10-24,147695.74850382403,2771.8316227210803,144923.91688110295
2024-10-27,149401.4016829428,2771.8316227210803,146629.5700602217
2024-10-28,150371.03798373864,2771.8316227210803,147599.20636101757
2024-10-29,148018.92526802438,2771.8316227210803,145247.0936453033
2024-10-30,143236.14520755468,2771.8316227210803,140464.3135848336
2024-10-31,143384.79759878328,2771.8316227210803,140612.9659760622
2024-11-03,142757.9408108592,158.22596058512408,142599.7148502741
2024-11-04,147059.78242673053,158.22596058512408,146901.5564661454
2024-11-05,150509.7745051959,158.22596058512408,150351.5485446108
2024-11-06,155644.92603823016,158.22596058512408,155486.70007764504
2024-11-07,157582.09138439532,158.22596058512408,157423.8654238102
2024-11-10,159729.43661929926,158.22596058512408,159571.21065871415
2024-11-11,157721.1659909384,158.22596058512408,157562.9400303533
2024-11-12,156450.86328108268,158.22596058512408,156292.63732049757
2024-11-13,154370.7968836107,158.22596058512408,154212.57092302557
2024-11-14,152116.98102255998,158.22596058512408,151958.75506197487
2024-11-17,154980.53956747375,158.22596058512408,154822.31360688864
2024-11-18,159917.1054128194,158.22596058512408,159758.87945223428
2024-11-19,160322.6374775088,158.22596058512408,160164.4115169237
2024-11-20,162671.8647190886,158.22596058512408,162513.63875850348
2024-11-21,164803.46492793295,158.22596058512408,164645.23896734783
2024-11-24,165591.5546020237,158.22596058512408,165433.3286414386
2024-11-25,164296.6406356903,158.22596058512408,164138.4146751052
2024-11-26,164051.44091741872,158.22596058512408,163893.2149568336
2024-11-28,164916.3121985356,158.22596058512408,164758.08623795048
2024-12-01,166186.90678650702,13.37459537502582,166173.532191132
2024-12-02,166660.5041505177,13.37459537502582,166647.12955514266
2024-12-03,169116.31247747262,13.37459537502582,169102.93788209758
2024-12-04,168630.68386903757,13.37459537502582,168617.30927366254
2024-12-05,170866.57025730825,13.37459537502582,170853.19566193322
2024-12-08,168065.0906862922,13.37459537502582,168051.71609091718
2024-12-09,165295.30113283562,13.37459537502582,165281.9265374606
2024-12-10,168718.52658070697,13.37459537502582,168705.15198533193
2024-12-11,167997.879765666,13.37459537502582,167984.50517029097
2024-12-12,168748.3074179696,13.37459537502582,168734.93282259456
2024-12-15,170882.2361241749,13.37459537502582,170868.86152879987
2024-12-16,168660.6407872004,13.37459537502582,168647.26619182536
2024-12-17,159953.39442692525,13.37459537502582,159940.01983155022
2024-12-18,160004.8017631704,13.37459537502582,159991.42716779537
2024-12-19,163741.83603281403,13.37459537502582,163728.461437439
2024-12-22,164651.98925203702,13.37459537502582,164638.614656662
2024-12-23,167034.37490206645,13.37459537502582,167021.00030669142
2024-12-25,168100.33924199443,13.37459537502582,168086.9646466194
2024-12-26,165114.1414852519,13.37459537502582,165100.76688987686
2024-12-29,162979.8445385023,13.37459537502582,162966.46994312727
2024-12-30,161926.45502158464,13.37459537502582,161913.0804262096
2025-01-01,164293.5362954851,3285.870725909593,161007.6655695755
2025-01-02,173280.65318133408,3285.870725909593,169994.7824554245
2025-01-05,174314.0769161463,3285.870725909593,171028.2061902367
2025-01-06,171202.18187722182,3285.870725909593,167916.31115131223
2025-01-07,165003.7642481791,3285.870725909593,161717.8935222695
2025-01-09,159340.16189575236,3285.870725909593,156054.29116984276
2025-01-12,153962.9372924017,3285.870725909593,150677.0665664921
2025-01-13,154589.31182313102,3285.870725909593,151303.44109722142
2025-01-14,159805.813034192,3285.870725909593,156519.9423082824
2025-01-15,159566.85130014343,3285.870725909593,156280.98057423384
2025-01-16,160831.58595637372,3285.870725909593,157545.71523046412
2025-01-20,167437.23381042332,3285.870725909593,164151.36308451372
2025-01-21,168598.02821533085,3285.870725909593,165312.15748942125
2025-01-22,170439.80635132873,3285.870725909593,167153.93562541914
2025-01-23,171415.06636222225,3285.870725909593,168129.19563631265
2025-01-26,157486.41720586966,3285.870725909593,154200.54647996006
2025-01-27,158777.56222435445,3285.870725909593,155491.69149844485
2025-01-28,158853.1034166273,3285.870725909593,155567.2326907177
2025-01-29,165442.2575126876,3285.870725909593,162156.386786778
2025-01-30,164431.90725589087,3285.870725909593,161146.03652998127
2025-02-02,164206.3820178656,8.185452315956354e-11,164206.38201786552
2025-02-03,166639.2403258407,8.185452315956354e-11,166639.24032584063
2025-02-04,169572.19861630714,8.185452315956354e-11,169572.19861630705
2025-02-05,169067.06037352516,8.185452315956354e-11,169067.06037352508
2025-02-06,169135.44367550805,8.185452315956354e-11,169135.44367550797
2025-02-09,172062.30785942756,8.185452315956354e-11,172062.30785942747
2025-02-10,169698.84225630233,8.185452315956354e-11,169698.84225630225
2025-02-11,169314.5819845637,8.185452315956354e-11,169314.5819845636
2025-02-12,173914.9878499313,8.185452315956354e-11,173914.9878499312
2025-02-13,176428.41671262792,8.185452315956354e-11,176428.41671262783
2025-02-17,179753.06687086643,8.185452315956354e-11,179753.06687086634
2025-02-18,178756.96810542044,8.185452315956354e-11,178756.96810542035
2025-02-19,177134.926476188,8.185452315956354e-11,177134.92647618792
2025-02-20,170179.91312283336,8.185452315956354e-11,170179.91312283327
2025-02-23,166847.20385092136,8.185452315956354e-11,166847.20385092127
2025-02-24,162685.11141650358,8.185452315956354e-11,162685.1114165035
2025-02-25,165995.8366974468,8.185452315956354e-11,165995.8366974467
2025-02-26,159554.24252984417,8.185452315956354e-11,159554.24252984408
2025-02-27,161620.1609061136,8.185452315956354e-11,161620.1609061135
2025-03-02,155795.28657353643,3115.905731470637,152679.3808420658
2025-03-03,156005.50539177348,3115.905731470637,152889.59966030283
2025-03-04,160006.6838579489,3115.905731470637,156890.77812647825
2025-03-05,154737.4411499393,3115.905731470637,151621.53541846864
2025-03-06,158131.8126942861,3115.905731470637,155015.90696281547
2025-03-09,149383.82413877192,3115.905731470637,146267.91840730127
2025-03-10,151955.88912148145,3115.905731470637,148839.9833900108
2025-03-11,155297.76087249268,3115.905731470637,152181.85514102204
2025-03-12,151962.7155061949,3115.905731470637,148846.80977472424
2025-03-13,160305.09872401666,3115.905731470637,157189.192992546
2025-03-16,162519.82746952353,3115.905731470637,159403.9217380529
2025-03-17,158385.45816923134,3115.905731470637,155269.5524377607
2025-03-18,162135.18031350826,3115.905731470637,159019.27458203761
2025-03-19,159962.9539710754,3115.905731470637,156847.04823960474
2025-03-20,160460.55264853433,3115.905731470637,157344.64691706368
2025-03-23,166573.17159786535,3115.905731470637,163457.2658663947
2025-03-24,165393.49972131153,3115.905731470637,162277.59398984088
2025-03-25,160628.52770922205,3115.905731470637,157512.6219777514
2025-03-26,158249.0633983402,3115.905731470637,155133.15766686955
2025-03-27,153061.74556875744,3115.905731470637,149945.8398372868
2025-03-30,150482.11799359668,3115.905731470637,147366.21226212604
2025-03-31,152119.1379453703,3115.905731470637,149003.23221389967
2025-04-01,157136.46190347898,31427.29238069578,125709.1695227832
2025-04-02,157645.71716404674,31427.29238069578,126218.42478335096
2025-04-03,150609.26395396647,31427.29238069578,119181.97157327068
2025-04-06,148942.8655699609,31427.29238069578,117515.57318926512
2025-04-07,146279.52246769262,31427.29238069578,114852.23008699683
2025-04-08,149311.69153916082,31427.29238069578,117884.39915846504
2025-04-09,148301.08563829254,31427.29238069578,116873.79325759676
2025-04-10,149601.51931048866,31427.29238069578,118174.22692979287
2025-04-13,151646.42471001126,31427.29238069578,120219.13232931547
2025-04-14,151394.83948647734,31427.29238069578,119967.54710578156
2025-04-15,149521.043069519,31427.29238069578,118093.7506888232
2025-04-16,150574.89121541238,31427.29238069578,119147.5988347166
2025-04-20,148449.7408670676,31427.29238069578,117022.44848637181
2025-04-21,150590.49160782452,31427.29238069578,119163.19922712873
2025-04-22,150564.95923522895,31427.29238069578,119137.66685453316
2025-04-23,151244.43326644204,31427.29238069578,119817.14088574625
2025-04-24,151012.5745658755,31427.29238069578,119585.2821851797
2025-04-27,152714.62593664016,31427.29238069578,121287.33355594438
2025-04-28,153924.88452324277,31427.29238069578,122497.59214254699
2025-04-29,155196.3220604402,31427.29238069578,123769.02967974442
2025-04-30,154732.43993997725,31427.29238069578,123305.14755928147
2025-05-01,156087.30873972026,1.0913936421275139e-11,156087.30873972026
2025-05-04,155420.56983711146,1.0913936421275139e-11,155420.56983711146
2025-05-05,155315.52499280506,1.0913936421275139e-11,155315.52499280506
2025-05-06,156246.817644331,1.0913936421275139e-11,156246.817644331
2025-05-07,154625.1114869293,1.0913936421275139e-11,154625.1114869293
2025-05-08,154328.21825599644,1.0913936421275139e-11,154328.21825599644
2025-05-11,153318.2522497712,1.0913936421275139e-11,153318.2522497712
2025-05-12,152122.2668696131,1.0913936421275139e-11,152122.2668696131
2025-05-13,150235.15049814899,1.0913936421275139e-11,150235.15049814899
2025-05-14,153833.14082912577,1.0913936421275139e-11,153833.14082912577
2025-05-15,155518.91568249912,1.0913936421275139e-11,155518.91568249912
2025-05-18,156456.21178308033,1.0913936421275139e-11,156456.21178308033
2025-05-19,157480.289112996,1.0913936421275139e-11,157480.289112996
2025-05-20,155001.6916647903,1.0913936421275139e-11,155001.6916647903
2025-05-21,153951.97311412817,1.0913936421275139e-11,153951.97311412817
2025-05-22,155393.86862684318,1.0913936421275139e-11,155393.86862684318
2025-05-26,156480.13097467006,1.0913936421275139e-11,156480.13097467006
2025-05-27,154967.37009472525,1.0913936421275139e-11,154967.37009472525
2025-05-28,155552.61307322676,1.0913936421275139e-11,155552.61307322676
2025-05-29,157179.65210747527,1.0913936421275139e-11,157179.65210747527
2025-06-01,158194.97166304517,1.0732037480920553e-10,158194.97166304506
2025-06-02,162509.17619149038,1.0732037480920553e-10,162509.17619149026
2025-06-03,164841.65566258677,1.0732037480920553e-10,164841.65566258665
2025-06-04,163796.96860392805,1.0732037480920553e-10,163796.96860392793
2025-06-05,168892.23007790506,1.0732037480920553e-10,168892.23007790494
2025-06-08,172308.29465163598,1.0732037480920553e-10,172308.29465163586
2025-06-09,173116.27897331273,1.0732037480920553e-10,173116.2789733126
2025-06-10,174122.89977334178,1.0732037480920553e-10,174122.89977334166
2025-06-11,171960.6617434893,1.0732037480920553e-10,171960.66174348918
2025-06-12,168519.1375223239,1.0732037480920553e-10,168519.13752232378
2025-06-15,171705.69038328956,1.0732037480920553e-10,171705.69038328945
2025-06-16,166819.32633576775,1.0732037480920553e-10,166819.32633576763
2025-06-17,167407.7025740453,1.0732037480920553e-10,167407.7025740452
2025-06-19,166159.94651773508,1.0732037480920553e-10,166159.94651773496
2025-06-22,165887.82828167776,1.0732037480920553e-10,165887.82828167765
2025-06-23,170981.00778970122,1.0732037480920553e-10,170981.0077897011
2025-06-24,167957.51836618237,1.0732037480920553e-10,167957.51836618225
2025-06-25,173363.42481206413,1.0732037480920553e-10,173363.424812064
2025-06-26,172285.9793686864,1.0732037480920553e-10,172285.9793686863
2025-06-29,174378.1374448974,1.0732037480920553e-10,174378.1374448973
2025-06-30,175232.30194044026,1.0732037480920553e-10,175232.30194044014
2025-07-01,180120.40756283293,4.274625098332763e-11,180120.4075628329
2025-07-02,182173.68662216462,4.274625098332763e-11,182173.6866221646
2025-07-06,181152.92541188168,4.274625098332763e-11,181152.92541188165
2025-07-07,181441.54627367956,4.274625098332763e-11,181441.54627367953
2025-07-08,183732.45346873003,4.274625098332763e-11,183732.45346873
2025-07-09,183505.75600718058,4.274625098332763e-11,183505.75600718055
2025-07-10,181669.36827041509,4.274625098332763e-11,181669.36827041506
2025-07-13,183812.50250529585,4.274625098332763e-11,183812.50250529582
2025-07-14,184123.0392338911,4.274625098332763e-11,184123.03923389106
2025-07-15,187190.88204277892,4.274625098332763e-11,187190.8820427789
2025-07-16,188794.20570360936,4.274625098332763e-11,188794.20570360933
2025-07-17,187720.6266397064,4.274625098332763e-11,187720.62663970637
2025-07-20,187305.79173850353,4.274625098332763e-11,187305.7917385035
2025-07-21,186645.99477681084,4.274625098332763e-11,186645.9947768108
2025-07-22,190470.23817589256,4.274625098332763e-11,190470.23817589253
2025-07-23,188152.3634424148,4.274625098332763e-11,188152.36344241476
2025-07-24,188686.34465403526,4.274625098332763e-11,188686.34465403523
2025-07-27,188625.9437530124,4.274625098332763e-11,188625.94375301237
2025-07-28,187899.7521659279,4.274625098332763e-11,187899.75216592787
2025-07-29,189142.88513171842,4.274625098332763e-11,189142.8851317184
2025-07-30,189253.58787600353,4.274625098332763e-11,189253.5878760035
2025-07-31,184711.25127517522,4.274625098332763e-11,184711.2512751752
2025-08-03,190463.505341411,1032.0999315242184,189431.40540988676
2025-08-04,190517.02805225793,1032.0999315242184,189484.9281207337
2025-08-05,191195.63504740893,1032.0999315242184,190163.5351158847
2025-08-06,191025.1895050297,1032.0999315242184,189993.08957350548
2025-08-07,191507.0087890395,1032.0999315242184,190474.9088575153
2025-08-10,191639.14494866284,1032.0999315242184,190607.04501713862
2025-08-11,196268.57874961206,1032.0999315242184,195236.47881808784
2025-08-12,197061.5773319119,1032.0999315242184,196029.47740038767
2025-08-13,194762.37752901507,1032.0999315242184,193730.27759749084
2025-08-14,195844.67132751236,1032.0999315242184,194812.57139598814
2025-08-17,196081.1600722351,1032.0999315242184,195049.06014071088
2025-08-18,189768.88574880012,1032.0999315242184,188736.7858172759
2025-08-19,188492.60417053849,1032.0999315242184,187460.50423901426
2025-08-20,188869.5596715059,1032.0999315242184,187837.45973998168
2025-08-21,195409.4891312069,1032.0999315242184,194377.3891996827
2025-08-24,195479.6564377505,1032.0999315242184,194447.55650622628
2025-08-25,197027.09215154764,1032.0999315242184,195994.9922200234
2025-08-26,196306.67048131282,1032.0999315242184,195274.5705497886
2025-08-27,199328.36847622218,1032.0999315242184,198296.26854469796
2025-08-28,197140.31926771512,1032.0999315242184,196108.2193361909
2025-09-01,195471.17373562843,802.2205147457462,194668.9532208827
2025-09-02,194404.07525903962,802.2205147457462,193601.85474429387
2025-09-03,195287.77282509083,802.2205147457462,194485.55231034508
2025-09-04,196788.5284530757,802.2205147457462,195986.30793832996
2025-09-07,197738.29714753787,802.2205147457462,196936.07663279213
2025-09-08,201448.19565043852,802.2205147457462,200645.97513569277
2025-09-09,204820.16852279805,802.2205147457462,204017.9480080523
2025-09-10,208957.99277252107,802.2205147457462,208155.77225777533
2025-09-11,210650.86898967822,802.2205147457462,209848.64847493247
2025-09-14,213872.1384315641,802.2205147457462,213069.91791681835
2025-09-15,213551.11397940264,802.2205147457462,212748.8934646569
2025-09-16,214501.9361037702,802.2205147457462,213699.71558902445
2025-09-17,218684.7717345807,802.2205147457462,217882.55121983495
2025-09-18,223455.96604926686,802.2205147457462,222653.74553452112
2025-09-21,225599.7809721067,802.2205147457462,224797.56045736096
2025-09-22,223788.00899891814,802.2205147457462,222985.7884841724
2025-09-23,221218.079185241,802.2205147457462,220415.85867049525
2025-09-24,217979.89126201265,802.2205147457462,217177.6707472669
2025-09-25,218413.33662001166,802.2205147457462,217611.11610526592
2025-09-28,220489.8791141102,802.2205147457462,219687.65859936445
2025-09-29,221337.32989358305,802.2205147457462,220535.1093788373
2025-09-30,224175.1097796954,802.2205147457462,223372.88926494966
2025-10-01,229371.8110066941,4562.0792734147535,224809.73173327936
2025-10-02,230264.29017460518,4562.0792734147535,225702.21090119044
2025-10-05,235078.1982005772,4562.0792734147535,230516.11892716246
2025-10-06,234197.03395713895,4562.0792734147535,229634.9546837242
2025-10-07,238951.9985090455,4562.0792734147535,234389.91923563075
2025-10-08,240420.46253657163,4562.0792734147535,235858.3832631569
2025-10-09,230541.72245315387,4562.0792734147535,225979.64317973913
2025-10-12,240349.1304731596,4562.0792734147535,235787.05119974486
2025-10-13,239977.94116670892,4562.0792734147535,235415.86189329418
2025-10-14,243195.4558111972,4562.0792734147535,238633.37653778246
2025-10-15,237607.90915102218,4562.0792734147535,233045.82987760744
2025-10-16,233182.85122065095,4562.0792734147535,228620.7719472362
2025-10-19,236610.0858090001,4562.0792734147535,232048.00653558536
2025-10-20,232151.60724196862,4562.0792734147535,227589.52796855388
2025-10-21,225657.90140426258,4562.0792734147535,221095.82213084784
2025-10-22,230691.61300425266,4562.0792734147535,226129.53373083792
2025-10-23,234969.09292673197,4562.0792734147535,230407.01365331723
2025-10-26,237268.6273552992,4562.0792734147535,232706.54808188445
2025-10-27,236594.03637537747,4562.0792734147535,232031.95710196273
